"","i敪","s撬R[h","s{","s撬","n於","ŊwF","ŊwFij","iizj","Ԏ","ʐρiuj","zN","̍\","pr","̗pړI","ssv","؂ij","eϗij","","","̎"
"Ã}V","񉿊i","28210","Ɍ","Ðs","","Ð",24,2800000,"Qcj",50,"1971N","qb","","","PZ","","","2024N4l","",""
"Ã}V","񉿊i","28210","Ɍ","Ðs","","Ð",18,1600000,"Qkcj",50,"1974N","qb","","","PZ","","","2024N4l","",""
"Ã}V","񉿊i","28210","Ɍ","Ðs","","Ð",12,11000000,"Skcj",80,"1986N","rqb","","","PZ","","","2024N4l","",""
"Ã}V","񉿊i","28210","Ɍ","Ðs","㒬","Ð","",9000000,"Rkcj",80,"1991N","qb","","","PZ","","","2024N4l","",""
"Ã}V","񉿊i","28210","Ɍ","Ðs","Ð쒬","Ð",24,7900000,"Rkcj",60,"1999N","qb","","","PZ","","","2024N4l","",""
"Ã}V","񉿊i","28210","Ɍ","Ðs","Ð쒬","Ð",6,35000000,"Qkcj",60,"2021N","qb","","","","","","2024N4l","",""
"Ã}V","񉿊i","28210","Ɍ","Ðs","Ð쒬","Ð",5,24000000,"Rkcj",65,"2004N","rqb","","","","","","2024N4l","",""
"Ã}V","񉿊i","28210","Ɍ","Ðs","Ð쒬","","",15000000,"Rkcj",65,"2002N","qb","","","QZ","","","2024N4l","",""
"Ã}V","񉿊i","28210","Ɍ","Ðs","Ð쒬","Ð",25,3800000,"Tcj",85,"1981N","qb","","","PZ","","","2024N4l","",""
"Ã}V","񉿊i","28210","Ɍ","Ðs","Ð쒬","Ð",11,24000000,"Skcj",85,"2009N","qb","","","ߗ׏","","","2024N4l","",""
"Ã}V","񉿊i","28210","Ɍ","Ðs","Ð쒬","Ð",18,17000000,"Rkcj",80,"2005N","qb","","","PZ","","","2024N4l","",""
"Ã}V","񉿊i","28210","Ɍ","Ðs","Ð쒬","Ð",8,9000000,"Rkcj",70,"1992N","qb","","","PZ","","","2024N4l","",""
"Ã}V","񉿊i","28210","Ɍ","Ðs","Ð쒬","Ð",26,9500000,"Skcj",85,"1994N","qb","","","QZ","","","2024N4l","",""
"Ã}V","񉿊i","28210","Ɍ","Ðs","Ð쒬","Ð",25,1000000,"Tcj",85,"1981N","qb","","","PZ","","","2024N4l","",""
"Ã}V","񉿊i","28210","Ɍ","Ðs","Ð쒬","Ð",12,13000000,"Rkcj",75,"1986N","rqb","","","PZ","","","2024N4l","ς",""
"Ã}V","񉿊i","28210","Ɍ","Ðs","ēc","a",1,19000000,"Rkcj",70,"2004N","qb","","","ߗ׏","","","2024N4l","",""
"Ã}V","񉿊i","28210","Ɍ","Ðs","","yR",9,16000000,"Rkcj",75,"2008N","qb","","","","","","2024N4l","",""
"Ã}V","񉿊i","28210","Ɍ","Ðs","","yR",10,8600000,"Rkcj",85,"1994N","qb","","","Z","","","2024N4l","",""
"Ã}V","񉿊i","28210","Ɍ","Ðs","","Ð",9,13000000,"Rkcj{r",70,"1985N","rqb","","","","","","2024N4l","ς",""
"Ã}V","񉿊i","28210","Ɍ","Ðs","","Ð",10,14000000,"Qkcj",75,"1998N","qb","","","PZ","","","2024N4l","",""
"Ã}V","񉿊i","28210","Ɍ","Ðs","","yR",18,2000000,"Rkcj",70,"1978N","qb","","","PZ","","","2024N4l","",""
"Ã}V","񉿊i","28210","Ɍ","Ðs","","Ð",10,8800000,"Rkcj",70,"1991N","qb","","","PZ","","","2024N4l","",""
"Ã}V","񉿊i","28210","Ɍ","Ðs","ʕ{","ʕ{()",6,25000000,"Skcj",85,"2002N","qb","","","","","","2024N4l","",""
"Ã}V","񉿊i","28210","Ɍ","Ðs","","Ð",11,12000000,"Rkcj",75,"1990N","qb","","","PZ","","","2025N1l","",""
"Ã}V","񉿊i","28210","Ɍ","Ðs","","Ð",13,6800000,"Rkcj",70,"1985N","rqb","","","PZ","","","2025N1l","",""
"Ã}V","񉿊i","28210","Ɍ","Ðs","","Ð",14,12000000,"Qkcj",70,"1986N","rqb","","","PZ","","","2025N2l","",""
"Ã}V","񉿊i","28210","Ɍ","Ðs","","Ð","",9000000,"Rkcj",65,"1992N","qb","","","PZ","","","2025N2l","",""
"Ã}V","񉿊i","28210","Ɍ","Ðs","","Ð",11,13000000,"Rkcj",75,"1990N","qb","","","PZ","","","2025N2l","",""
"Ã}V","񉿊i","28210","Ɍ","Ðs","","Ð",13,6500000,"Rkcj",70,"1985N","rqb","","","PZ","","","2025N3l","",""
"Ã}V","񉿊i","28210","Ɍ","Ðs","","l̋{",13,6300000,"Rkcj",70,"1990N","rqb","","","PZ","","","2025N3l","",""
"Ã}V","񉿊i","28210","Ɍ","Ðs","","Ð",11,6500000,"Rkcj",75,"1990N","qb","","","PZ","","","2025N3l","",""
"Ã}V","񉿊i","28210","Ɍ","Ðs","","Ð",18,14000000,"Rkcj",65,"1996N","qb","","","H","","","2025N3l","",""
"Ã}V","񉿊i","28210","Ɍ","Ðs","F","Ð",21,13000000,"Skcj",85,"2000N","qb","","","QZ","","","2025N3l","",""
"Ã}V","񉿊i","28210","Ɍ","Ðs","ʕ{{","ʕ{()",9,16000000,"Rkcj",70,"1999N","qb","","","","","","2025N3l","",""
"Ã}V","񉿊i","28210","Ɍ","Ðs","㒬","l̋{",5,11000000,"Rkcj",65,"1997N","qb","","","H","","","2025N1l","",""
"Ã}V","񉿊i","28210","Ɍ","Ðs","㒬","Ð","",3000000,"Rkcj",55,"1994N","qb","","","H","","","2025N1l","",""
"Ã}V","񉿊i","28210","Ɍ","Ðs","㒬","̏",9,6000000,"Rkcj",75,"1995N","qb","","","PZ","","","2025N1l","",""
"Ã}V","񉿊i","28210","Ɍ","Ðs","㒬","Ð",25,8300000,"Rkcj",65,"1991N","qb","","","PZ","","","2025N1l","",""
"Ã}V","񉿊i","28210","Ɍ","Ðs","㒬","Ð","",2800000,"Rcj",60,"1994N","qb","","","H","","","2025N2l","",""
"Ã}V","񉿊i","28210","Ɍ","Ðs","㒬","l̋{",5,1900000,"Scj",70,"1976N","qb","","","PZ","","","2025N2l","",""
"Ã}V","񉿊i","28210","Ɍ","Ðs","㒬","Ð","",7000000,"Qkcj{r",80,"1991N","qb","","","PZ","","","2025N2l","",""
"Ã}V","񉿊i","28210","Ɍ","Ðs","㒬","̏",8,1400000,"Scj",65,"1978N","qb","","","PZ","","","2025N2l","",""
"Ã}V","񉿊i","28210","Ɍ","Ðs","㒬","̏",8,1400000,"Scj",70,"1978N","qb","","","PZ","","","2025N2l","",""
"Ã}V","񉿊i","28210","Ɍ","Ðs","_g","a",15,6300000,"Rkcj",70,"1991N","rqb","","","PZ","","","2025N2l","",""
"Ã}V","񉿊i","28210","Ɍ","Ðs","_g","a",17,8400000,"Rkcj",80,"1991N","rqb","","","PZ","","","2025N2l","",""
"Ã}V","񉿊i","28210","Ɍ","Ðs","㒬","l̋{",17,12000000,"Rkcj{r",105,"1991N","qb","","","PZ","","","2025N3l","",""
"Ã}V","񉿊i","28210","Ɍ","Ðs","㒬","Ð","",3800000,"Rkcj",65,"1994N","qb","","","H","","","2025N3l","",""
"Ã}V","񉿊i","28210","Ɍ","Ðs","_g","a",17,5000000,"Skcj",80,"1991N","rqb","","","PZ","","","2025N3l","",""
"Ã}V","񉿊i","28210","Ɍ","Ðs","Ð쒬","Ð",9,30000000,"Qkcj",65,"2020N","","","","","","","2025N1l","",""
"Ã}V","񉿊i","28210","Ɍ","Ðs","Ð쒬","Ð",25,7300000,"Rkcj",65,"1998N","qb","","","PZ","","","2025N1l","",""
"Ã}V","񉿊i","28210","Ɍ","Ðs","Ð쒬","̏",17,16000000,"Rkcj",70,"2002N","qb","","","QZ","","","2025N1l","",""
"Ã}V","񉿊i","28210","Ɍ","Ðs","Ð쒬","Ð",12,6300000,"Qkcj",60,"1993N","qb","","","PZ","","","2025N1l","",""
"Ã}V","񉿊i","28210","Ɍ","Ðs","Ð쒬","Ð",13,4000000,"Rkcj",70,"1985N","rqb","","","PZ","","","2025N1l","",""
"Ã}V","񉿊i","28210","Ɍ","Ðs","Ð쒬","Ð",10,15000000,"Skcj",80,"1998N","qb","","","PZ","","","2025N1l","",""
"Ã}V","񉿊i","28210","Ɍ","Ðs","Ð쒬","Ð",28,6300000,"Rkcj",65,"1997N","qb","","","PZ","","","2025N1l","",""
"Ã}V","񉿊i","28210","Ɍ","Ðs","Ð쒬","Ð","",9800000,"Rkcj",70,"1994N","qb","","","PZ","","","2025N1l","",""
"Ã}V","񉿊i","28210","Ɍ","Ðs","Ð쒬","Ð",14,23000000,"Rkcj",70,"2012N","rqb","","","PZ","","","2025N1l","",""
"Ã}V","񉿊i","28210","Ɍ","Ðs","Ð쒬","Ð",6,12000000,"Rcj",60,"1988N","rqb","","","","","","2025N1l","",""
"Ã}V","񉿊i","28210","Ɍ","Ðs","Ð쒬","","",2500000,"Tcj",85,"","","","","","","","2025N1l","",""
"Ã}V","񉿊i","28210","Ɍ","Ðs","Ð쒬","Ð",22,6500000,"Rcj",60,"1997N","qb","","","QZ","","","2025N1l","",""
"Ã}V","񉿊i","28210","Ɍ","Ðs","Ð쒬","Ð",24,7600000,"Rkcj",65,"1999N","qb","","","PZ","","","2025N1l","",""
"Ã}V","񉿊i","28210","Ɍ","Ðs","Ð쒬","Ð",10,15000000,"Qkcj{r",70,"1998N","qb","","","PZ","","","2025N1l","",""
"Ã}V","񉿊i","28210","Ɍ","Ðs","Ð쒬","Ð","",10000000,"",70,"1994N","qb","","","PZ","","","2025N1l","ς",""
"Ã}V","񉿊i","28210","Ɍ","Ðs","Ð쒬","Ð",13,7200000,"Rkcj",70,"1987N","rqb","","","PZ","","","2025N1l","",""
"Ã}V","񉿊i","28210","Ɍ","Ðs","Ð쒬","Ð","",6500000,"Rkcj",70,"1997N","qb","","","PZ","","","2025N1l","",""
"Ã}V","񉿊i","28210","Ɍ","Ðs","Ð쒬","Ð",13,18000000,"Pkcj",60,"2007N","qb","","","PZ","","","2025N1l","",""
"Ã}V","񉿊i","28210","Ɍ","Ðs","Ð쒬","Ð",15,19000000,"Qkcj",60,"2007N","qb","","","PZ","","","2025N1l","",""
"Ã}V","񉿊i","28210","Ɍ","Ðs","Ð쒬","Ð",12,18000000,"Rkcj",70,"2007N","qb","","","ߗ׏","","","2025N2l","",""
"Ã}V","񉿊i","28210","Ɍ","Ðs","Ð쒬","Ð",12,18000000,"Rkcj",70,"2007N","qb","","","ߗ׏","","","2025N2l","",""
"Ã}V","񉿊i","28210","Ɍ","Ðs","Ð쒬","Ð",13,30000000,"Rkcj",70,"2022N","qb","","","QZ","","","2025N2l","",""
"Ã}V","񉿊i","28210","Ɍ","Ðs","Ð쒬","Ð",27,5000000,"Rkcj",70,"1994N","qb","","","PZ","","","2025N2l","",""
"Ã}V","񉿊i","28210","Ɍ","Ðs","Ð쒬","Ð",15,18000000,"Rkcj",65,"1999N","qb","","","PZ","","","2025N2l","",""
"Ã}V","񉿊i","28210","Ɍ","Ðs","Ð쒬","Ð","30`60",5100000,"Rkcj",70,"1991N","qb","","","PZ","","","2025N2l","",""
"Ã}V","񉿊i","28210","Ɍ","Ðs","Ð쒬","Ð",10,30000000,"Rkcj",70,"2022N","qb","","","QZ","","","2025N2l","",""
"Ã}V","񉿊i","28210","Ɍ","Ðs","Ð쒬","Ð",27,6500000,"Rkcj",60,"1994N","qb","","","PZ","","","2025N2l","",""
"Ã}V","񉿊i","28210","Ɍ","Ðs","Ð쒬","Ð",3,39000000,"Rkcj",75,"2016N","qb","","","","","","2025N2l","",""
"Ã}V","񉿊i","28210","Ɍ","Ðs","Ð쒬","Ð","30`60",6500000,"Rkcj",70,"1999N","qb","","","PZ","","","2025N2l","",""
"Ã}V","񉿊i","28210","Ɍ","Ðs","Ð쒬","Ð",25,9900000,"Rkcj",65,"1998N","qb","","","PZ","","","2025N2l","",""
"Ã}V","񉿊i","28210","Ɍ","Ðs","Ð쒬","Ð",12,16000000,"Rkcj",70,"2007N","qb","","","ߗ׏","","","2025N2l","",""
"Ã}V","񉿊i","28210","Ɍ","Ðs","Ð쒬","Ð",13,7600000,"Rkcj",70,"1985N","rqb","","","PZ","","","2025N2l","",""
"Ã}V","񉿊i","28210","Ɍ","Ðs","Ð쒬","Ð",10,19000000,"Rkcj",90,"1998N","qb","","","PZ","","","2025N3l","",""
"Ã}V","񉿊i","28210","Ɍ","Ðs","Ð쒬","Ð",29,4900000,"Rkcj",80,"1989N","qb","","","PZ","","","2025N3l","",""
"Ã}V","񉿊i","28210","Ɍ","Ðs","Ð쒬","Ð",24,6500000,"Rkcj",65,"1999N","qb","","","PZ","","","2025N3l","",""
"Ã}V","񉿊i","28210","Ɍ","Ðs","Ð쒬","Ð",14,12000000,"Pkcj",70,"1980N","rqb","","","PZ","","","2025N3l","",""
"Ã}V","񉿊i","28210","Ɍ","Ðs","Ð쒬","Ð",6,26000000,"Rkcj",75,"2006N","qb","","","","","","2025N3l","",""
"Ã}V","񉿊i","28210","Ɍ","Ðs","Ð쒬","Ð",28,9700000,"Rkcj",80,"1991N","qb","","","PZ","","","2025N3l","",""
"Ã}V","񉿊i","28210","Ɍ","Ðs","Ð쒬","Ð",3,32000000,"Rkcj",70,"2012N","qb","","","","","","2025N3l","",""
"Ã}V","񉿊i","28210","Ɍ","Ðs","Ð쒬","Ð",5,29000000,"Skcj",80,"2002N","qb","","","","","","2025N3l","",""
"Ã}V","񉿊i","28210","Ɍ","Ðs","Ð쒬","Ð",10,11000000,"Rkcj",75,"1992N","qb","","","PZ","","","2025N3l","",""
"Ã}V","񉿊i","28210","Ɍ","Ðs","Ð쒬","Ð",23,9000000,"Rkcj",75,"1990N","qb","","","PZ","","","2025N3l","",""
"Ã}V","񉿊i","28210","Ɍ","Ðs","Ð쒬","Ð",24,15000000,"Rkcj",60,"2002N","qb","","","QZ","","","2025N3l","",""
"Ã}V","񉿊i","28210","Ɍ","Ðs","Ð쒬","Ð",12,13000000,"Rkcj",70,"1999N","qb","","","PZ","","","2025N3l","",""
"Ã}V","񉿊i","28210","Ɍ","Ðs","Ð쒬","Ð",11,11000000,"Skcj",90,"1985N","rqb","","","PZ","","","2025N3l","",""
"Ã}V","񉿊i","28210","Ɍ","Ðs","","yR",9,9900000,"Rkcj",70,"1997N","","","","","","","2025N1l","",""
"Ã}V","񉿊i","28210","Ɍ","Ðs","","Ð",20,9500000,"Qkcj{r",70,"1991N","qb","","","PZ","","","2025N1l","ς",""
"Ã}V","񉿊i","28210","Ɍ","Ðs","","Ð",11,33000000,"Rkcj",80,"2021N","","","","","","","2025N1l","",""
"Ã}V","񉿊i","28210","Ɍ","Ðs","","Ð",25,6900000,"Skcj",80,"2020N","rqb","","","","","","2025N1l","",""
"Ã}V","񉿊i","28210","Ɍ","Ðs","","Ð",12,8800000,"Rkcj",70,"1986N","rqb","","","PZ","","","2025N1l","",""
"Ã}V","񉿊i","28210","Ɍ","Ðs","","Ð",11,8500000,"Rkcj",80,"1985N","rqb","","","PZ","","","2025N1l","",""
"Ã}V","񉿊i","28210","Ɍ","Ðs","","","",3000000,"Scj",70,"1978N","qb","","","PZ","","","2025N1l","",""
"Ã}V","񉿊i","28210","Ɍ","Ðs","","","",6800000,"Qkcj",55,"1978N","qb","","","PZ","","","2025N1l","",""
"Ã}V","񉿊i","28210","Ɍ","Ðs","ʕ{","ʕ{()",10,14000000,"Skcj",85,"1996N","qb","","","H","","","2025N1l","",""
"Ã}V","񉿊i","28210","Ɍ","Ðs","ʕ{","ʕ{()",3,8500000,"Rkcj",65,"1992N","qb","","","PZ","","","2025N1l","",""
"Ã}V","񉿊i","28210","Ɍ","Ðs","","Ð",5,19000000,"Rkcj{r",80,"2007N","qb","","","H","","","2025N2l","",""
"Ã}V","񉿊i","28210","Ɍ","Ðs","","yR",15,3700000,"Scj",65,"1979N","qb","","","PZ","","","2025N2l","",""
"Ã}V","񉿊i","28210","Ɍ","Ðs","","yR",15,7800000,"Rkcj",60,"1999N","qb","","","PZ","","","2025N2l","",""
"Ã}V","񉿊i","28210","Ɍ","Ðs","","yR",16,2400000,"Rkcj",70,"1978N","qb","","","PZ","","","2025N2l","",""
"Ã}V","񉿊i","28210","Ɍ","Ðs","","yR",15,2300000,"Skcj",95,"1980N","qb","","","PZ","","","2025N2l","",""
"Ã}V","񉿊i","28210","Ɍ","Ðs","","yR",15,6800000,"Rkcj",65,"1999N","qb","","","PZ","","","2025N2l","",""
"Ã}V","񉿊i","28210","Ɍ","Ðs","","ʕ{()",9,7800000,"Qkcj{r",65,"1998N","rqb","","","","","","2025N2l","",""
"Ã}V","񉿊i","28210","Ɍ","Ðs","","Ð",2,34000000,"Rkcj",75,"2021N","qb","","","ߗ׏","","","2025N2l","",""
"Ã}V","񉿊i","28210","Ɍ","Ðs","V݉","Ð",3,5400000,"Rkcj",65,"1979N","qb","","","ߗ׏","","","2025N2l","",""
"Ã}V","񉿊i","28210","Ɍ","Ðs","","yR",18,3500000,"Scj",65,"1979N","qb","","","PZ","","","2025N3l","",""
"Ã}V","񉿊i","28210","Ɍ","Ðs","","Ð","",12000000,"Rkcj",80,"1994N","qb","","","PZ","","","2025N3l","",""
"Ã}V","񉿊i","28210","Ɍ","Ðs","","Ð",10,9500000,"Rkcj",70,"1998N","qb","","","PZ","","","2025N3l","",""
"Ã}V","񉿊i","28210","Ɍ","Ðs","","Ð",13,15000000,"Rkcj",70,"1985N","rqb","","","PZ","","","2025N3l","",""
"Ã}V","񉿊i","28210","Ɍ","Ðs","","yR",7,14000000,"Rkcj",75,"1997N","qb","","","PZ","","","2025N3l","",""
"Ã}V","񉿊i","28210","Ɍ","Ðs","","yR",17,3400000,"Skcj",90,"1980N","qb","","","PZ","","","2025N3l","",""
"Ã}V","񉿊i","28210","Ɍ","Ðs","","Ð",12,13000000,"Skcj",85,"1986N","rqb","","","PZ","","","2025N3l","",""
"Ã}V","񉿊i","28210","Ɍ","Ðs","","yR",10,20000000,"Skcj",110,"1995N","qb","","","PZ","","","2025N3l","",""
"Ã}V","񉿊i","28210","Ɍ","Ðs","","ʕ{()",9,7000000,"Rkcj",60,"1998N","rqb","","","","","","2025N3l","",""
"Ã}V","sYi","28210","Ɍ","Ðs","㒬","Ð",25,8300000,"Rkcj",60,"1991N","qb","Z","Z","PZ",60,200,"2025N2l","",""
"Ã}V","sYi","28210","Ɍ","Ðs","㒬","l̋{",8,1900000,"Scj",70,"1976N","qb","Z","Z","PZ",60,200,"2025N2l","",""
"Ã}V","sYi","28210","Ɍ","Ðs","㒬","l̋{",5,12000000,"Skcj",75,"1994N","qb","Z","Z","PZ",60,200,"2025N1l","",""
"Ã}V","sYi","28210","Ɍ","Ðs","㒬","l̋{",8,7800000,"Rkcj",75,"1997N","rqb","Z","Z","H",60,200,"2024N4l","",""
"Ã}V","sYi","28210","Ɍ","Ðs","Ð쒬","̏",23,2500000,"Skcj",80,"1981N","qb","Z","Z","PZ",60,200,"2025N1l","",""
"Ã}V","sYi","28210","Ɍ","Ðs","Ð쒬","Ð",5,2700000,"Rkcj",65,"2006N","qb","","Z","",80,400,"2025N3l","",""
"Ã}V","sYi","28210","Ɍ","Ðs","Ð쒬","Ð",18,22000000,"Rkcj",70,"2002N","qb","Z","Z","QZ",60,200,"2025N3l","ς",""
"Ã}V","sYi","28210","Ɍ","Ðs","Ð쒬","Ð",5,24000000,"Rkcj",60,"2002N","qb","Z","Z","",80,400,"2025N3l","ς",""
"Ã}V","sYi","28210","Ɍ","Ðs","Ð쒬","Ð",5,29000000,"Skcj",75,"2002N","qb","Z","Z","",80,400,"2025N3l","",""
"Ã}V","sYi","28210","Ɍ","Ðs","Ð쒬","Ð",20,11000000,"Skcj",90,"1989N","qb","Z","Z","PZ",60,200,"2025N3l","",""
"Ã}V","sYi","28210","Ɍ","Ðs","Ð쒬","Ð",7,28000000,"Rkcj",70,"2005N","qb","","Z","",80,400,"2025N3l","ς",""
"Ã}V","sYi","28210","Ɍ","Ðs","Ð쒬","Ð",14,11000000,"Skcj",80,"1985N","rqb","Z","Z","PZ",60,200,"2025N3l","",""
"Ã}V","sYi","28210","Ɍ","Ðs","Ð쒬","Ð","30`60",4900000,"Rkcj",75,"1989N","qb","","Z","PZ",60,200,"2025N3l","",""
"Ã}V","sYi","28210","Ɍ","Ðs","Ð쒬","Ð",5,10000000,"Qkcj",60,"1988N","rqb","","Z","",80,400,"2025N2l","",""
"Ã}V","sYi","28210","Ɍ","Ðs","Ð쒬","Ð","30`60",4200000,"Rkcj",55,"1998N","qb","Z","Z","PZ",60,200,"2025N2l","",""
"Ã}V","sYi","28210","Ɍ","Ðs","Ð쒬","Ð",28,5000000,"Rkcj",70,"1994N","qb","Z","̑","QZ",60,200,"2025N2l","",""
"Ã}V","sYi","28210","Ɍ","Ðs","Ð쒬","Ð",18,6500000,"Qkcj",65,"1987N","rqb","Z","Z","PZ",60,200,"2025N2l","",""
"Ã}V","sYi","28210","Ɍ","Ðs","Ð쒬","Ð",1,9500000,"",30,"1989N","rqb","","̑","",80,600,"2025N2l","",""
"Ã}V","sYi","28210","Ɍ","Ðs","Ð쒬","Ð",25,6500000,"Rkcj",55,"1994N","qb","Z","Z","PZ",60,200,"2025N2l","",""
"Ã}V","sYi","28210","Ɍ","Ðs","Ð쒬","Ð",1,17000000,"Rkcj",55,"2010N","qb","Z","Z","",80,400,"2025N1l","",""
"Ã}V","sYi","28210","Ɍ","Ðs","Ð쒬","Ð",23,9000000,"Rkcj",70,"1989N","qb","Z","Z","PZ",60,200,"2025N1l","",""
"Ã}V","sYi","28210","Ɍ","Ðs","Ð쒬","Ð",2,22000000,"Qkcj",55,"2010N","qb","Z","Z","",80,400,"2025N1l","",""
"Ã}V","sYi","28210","Ɍ","Ðs","Ð쒬","Ð",9,30000000,"Qkcj",60,"2020N","qb","","Z","ߗ׏",80,300,"2025N1l","",""
"Ã}V","sYi","28210","Ɍ","Ðs","Ð쒬","Ð",28,6200000,"Qkcj",60,"1997N","qb","","Z","PZ",60,200,"2025N1l","",""
"Ã}V","sYi","28210","Ɍ","Ðs","Ð쒬","Ð",28,6500000,"Rkcj",65,"1997N","qb","","Z","PZ",60,200,"2025N1l","",""
"Ã}V","sYi","28210","Ɍ","Ðs","Ð쒬","Ð",11,33000000,"Skcj",80,"2005N","qb","Z","Z","ߗ׏",80,200,"2025N1l","ς",""
"Ã}V","sYi","28210","Ɍ","Ðs","Ð쒬","Ð","30`60",4000000,"",65,"1994N","qb","","̑","PZ",60,200,"2025N1l","",""
"Ã}V","sYi","28210","Ɍ","Ðs","Ð쒬","Ð",11,18000000,"Qkcj",65,"1998N","qb","Z","Z","PZ",60,200,"2024N4l","",""
"Ã}V","sYi","28210","Ɍ","Ðs","Ð쒬","Ð",13,8500000,"Rkcj",60,"1986N","rqb","Z","Z","PZ",60,200,"2024N4l","",""
"Ã}V","sYi","28210","Ɍ","Ðs","Ð쒬","Ð",4,27000000,"Qkcj",55,"2002N","qb","Z","Z","",80,400,"2024N4l","ς",""
"Ã}V","sYi","28210","Ɍ","Ðs","Ð쒬","Ð",6,24000000,"Rkcj",60,"2004N","rqb","Z","Z","",80,400,"2024N4l","",""
"Ã}V","sYi","28210","Ɍ","Ðs","Ð쒬","Ð",12,19000000,"Rkcj",60,"2009N","qb","Z","Z","ߗ׏",80,300,"2024N4l","ς",""
"Ã}V","sYi","28210","Ɍ","Ðs","Ð쒬","Ð",25,7900000,"Rkcj",60,"1999N","qb","Z","Z","PZ",60,200,"2024N4l","",""
"Ã}V","sYi","28210","Ɍ","Ðs","Ð쒬","Ð",25,3800000,"Tcj",80,"1981N","qb","Z","Z","PZ",60,200,"2024N4l","",""
"Ã}V","sYi","28210","Ɍ","Ðs","Ð쒬","Ð",16,15000000,"Rkcj",65,"2002N","qb","Z","Z","QZ",60,200,"2024N4l","",""
"Ã}V","sYi","28210","Ɍ","Ðs","Ð쒬","Ð",10,8300000,"Rkcj",65,"1992N","qb","Z","Z","PZ",60,200,"2024N4l","",""
"Ã}V","sYi","28210","Ɍ","Ðs","Ð쒬","Ð",12,26000000,"Rkcj",75,"2009N","qb","Z","Z","ߗ׏",80,300,"2024N4l","",""
"Ã}V","sYi","28210","Ɍ","Ðs","_g","a",6,5500000,"Rkcj",60,"1998N","qb","Z","Z","","","","2025N3l","","E"
"Ã}V","sYi","28210","Ɍ","Ðs","_g","a",15,8400000,"Rkcj",70,"1991N","rqb","Z","Z","PZ",60,200,"2025N2l","ς",""
"Ã}V","sYi","28210","Ɍ","Ðs","","Ð",18,4500000,"Rkcj",55,"1996N","qb","Z","Z","PZ",60,200,"2025N1l","",""
"Ã}V","sYi","28210","Ɍ","Ðs","","l̋{",23,14000000,"Rkcj",60,"1992N","qb","Z","Z","PZ",60,200,"2024N4l","ς",""
"Ã}V","sYi","28210","Ɍ","Ðs","","Ð",14,10000000,"Skcj",85,"1986N","rqb","Z","Z","PZ",60,200,"2025N3l","",""
"Ã}V","sYi","28210","Ɍ","Ðs","","Ð",26,600000,"Rcj",40,"1972N","qb","Z","Z","PZ",60,200,"2025N1l","",""
"Ã}V","sYi","28210","Ɍ","Ðs","","Ð",19,8000000,"Rkcj",65,"1985N","rqb","Z","Z","PZ",60,200,"2024N4l","",""
"Ã}V","sYi","28210","Ɍ","Ðs","","Ð",19,15000000,"Qkcj",65,"1985N","rqb","Z","Z","PZ",60,200,"2024N4l","",""
"Ã}V","sYi","28210","Ɍ","Ðs","","yR",23,2000000,"Rkcj",70,"1978N","qb","Z","̑","PZ",60,200,"2025N3l","",""
"Ã}V","sYi","28210","Ɍ","Ðs","","yR",18,2800000,"Scj",70,"1978N","","Z","Z","PZ",60,200,"2025N3l","",""
"Ã}V","sYi","28210","Ɍ","Ðs","","yR",18,2300000,"Skcj",90,"1980N","qb","Z","Z","PZ",60,200,"2025N2l","",""
"Ã}V","sYi","28210","Ɍ","Ðs","","yR",9,1500000,"Qkcj",70,"2008N","qb","Z","Z","PZ",60,200,"2025N2l","",""
"Ã}V","sYi","28210","Ɍ","Ðs","","yR",10,9800000,"Qkcj",55,"1997N","qb","Z","Z","QZ",60,200,"2025N1l","",""
"Ã}V","sYi","28210","Ɍ","Ðs","","yR",15,4400000,"Skcj",90,"1979N","qb","Z","Z","PZ",60,200,"2024N4l","",""
"Ã}V","sYi","28210","Ɍ","Ðs","","Ð",6,31000000,"",50,"2024N","qb","Z","Z","H",60,200,"2025N3l","",""
"Ã}V","sYi","28210","Ɍ","Ðs","","Ð",11,33000000,"Rkcj",75,"2021N","qb","Z","Z","PZ",60,200,"2025N2l","",""
"Ã}V","sYi","28210","Ɍ","Ðs","","Ð",7,25000000,"Skcj",70,"2007N","qb","Z","Z","H",60,200,"2025N2l","ς",""
"Ã}V","sYi","28210","Ɍ","Ðs","","Ð",5,37000000,"Rkcj",60,"2024N","qb","Z","Z","H",60,200,"2025N2l","",""
"Ã}V","sYi","28210","Ɍ","Ðs","","Ð",7,19000000,"Rkcj",75,"2007N","qb","Z","Z","H",60,200,"2025N2l","",""
"Ã}V","sYi","28210","Ɍ","Ðs","","Ð",14,4200000,"Rkcj",70,"1992N","qb","Z","Z","PZ",60,200,"2025N1l","",""
"Ã}V","sYi","28210","Ɍ","Ðs","","Ð",11,5000000,"Skcj",90,"1990N","qb","Z","Z","PZ",60,200,"2024N4l","",""
"Ã}V","sYi","28210","Ɍ","Ðs","","Ð",6,52000000,"Skcj",75,"","qb","","Z","H",60,200,"2024N4l","",""
"Ã}V","sYi","28210","Ɍ","Ðs","V݉","Ð",3,23000000,"Qkcj",70,"2004N","qb","Z","Z","ߗ׏",80,300,"2024N4l","",""
"Ã}V","sYi","28210","Ɍ","Ðs","ʕ{","ʕ{()",8,11000000,"Qkcj",60,"1981N","rqb","","Z","PZ",60,200,"2025N3l","ς",""
"Ã}V","sYi","28210","Ɍ","Ðs","ʕ{","ʕ{()",10,8800000,"Rkcj",60,"1989N","qb","Z","Z","",80,400,"2025N2l","ς",""
"Ã}V","sYi","28210","Ɍ","Ðs","ʕ{","ʕ{()",2,4000000,"",65,"1992N","qb","","Z","PZ",60,200,"2025N2l","",""
"Ã}V","sYi","28210","Ɍ","Ðs","ʕ{","ʕ{()",8,17000000,"Rkcj",70,"","rqb","Z","Z","PZ",60,200,"2025N2l","ς",""
"Ã}V","sYi","28210","Ɍ","Ðs","ʕ{","ʕ{()",9,3700000,"Skcj",80,"1996N","qb","","Z","PZ",60,200,"2025N1l","",""
"Ã}V","sYi","28210","Ɍ","Ðs","ʕ{","ʕ{()",10,6500000,"Skcj",75,"1989N","qb","Z","Z","",80,400,"2024N4l","ς",""
"Ã}V","sYi","28210","Ɍ","Ðs","ʕ{{","ʕ{()",9,9900000,"",80,"1999N","rqb","Z","Z","",80,400,"2024N4l","","E"
"Ã}V","sYi","28210","Ɍ","Ðs","ēc","a",2,17000000,"Rkcj",65,"","qb","Z","Z","ߗ׏",80,300,"2025N2l","",""
"Ã}V","sYi","28210","Ɍ","Ðs","ēc","a",2,28000000,"Qkcj",70,"2021N","qb","Z","Z","ߗ׏",80,300,"2025N1l","",""
